resid,resname,x,y,z,radius
1,MET,-4.4443625,-3.48875,-1.3851625,0.4087771768488298
2,LYS,-3.9230666666666667,-3.826355555555556,-1.3624666666666667,0.4552288847721155
3,ARG,-3.6504272727272724,-3.4334727272727275,-1.7560818181818183,0.4637528475776327
4,MET,-3.7843,-2.9040250000000003,-1.30965,0.39405975831718754
5,VAL,-3.3817857142857144,-3.112557142857143,-1.0176857142857143,0.2281828200977346
6,SER,-3.017583333333333,-2.9585333333333335,-1.2863499999999999,0.21185907396715967
7,TRP,-3.0520857142857136,-2.4565999999999995,-1.5561857142857143,0.40832380583081795
8,SER,-2.9621666666666666,-2.3932500000000005,-0.9089999999999999,0.20465291824072385
9,PHE,-2.605327272727273,-2.6103636363636364,-0.6959636363636363,0.34511203283370423
10,HIS,-2.28582,-2.4236299999999997,-1.2420200000000001,0.31501797361420497
11,LYS,-2.6341555555555556,-1.9008333333333336,-1.1605444444444444,0.45117388807858866
12,LEU,-2.397525,-1.9933250000000002,-0.5877,0.2773399741292265
13,LYS,-1.8869444444444445,-2.217133333333333,-0.775811111111111,0.44936744787520677
14,THR,-2.0048428571428576,-1.7672285714285714,-1.0751285714285714,0.25282473157893254
15,MET,-2.2139875,-1.4743875,-0.7727875000000001,0.4027971548667518
16,LYS,-1.7974222222222223,-1.7308888888888887,-0.37772222222222224,0.4479854362712155
17,HIS,-1.484,-1.7129699999999999,-0.8107300000000001,0.36545731871177506
18,LEU,-1.7468875000000001,-1.1656625,-0.9577500000000001,0.27351708641783207
19,LEU,-1.7355375,-1.1009875,-0.43056250000000007,0.27867922055429634
20,LEU,-1.2555125,-1.3035750000000002,-0.44662499999999994,0.2903752940700189
21,LEU,-1.191675,-1.0536999999999999,-0.9018625,0.2961737404484911
22,LEU,-1.4757375000000001,-0.6710999999999999,-0.7014625000000001,0.29600665163556716
23,LEU,-1.2139250000000001,-0.7614625,-0.2528,0.29485934703049527
24,CYS,-0.8300333333333333,-0.7541833333333333,-0.5576333333333333,0.25997981812697163
25,VAL,-0.955857142857143,-0.3857571428571429,-0.7819428571428572,0.233260960107353
26,PHE,-1.1538363636363638,-0.1374181818181818,-0.4100727272727273,0.35844934425479746
27,LEU,-0.5907749999999999,-0.35685,-0.2258625,0.2912455227660161
28,VAL,-0.4184,-0.13215714285714286,-0.6691142857142857,0.2279890518316659
29,LYS,-0.6797333333333334,0.3086444444444444,-0.6765777777777777,0.44781069688755054
30,SER,-0.3208333333333333,0.32111666666666666,-0.1937833333333333,0.20201757761805447
31,GLN,0.10585555555555554,0.37324444444444443,-0.28837777777777773,0.34897358225388797
32,GLY,0.03622500000000001,0.846225,-0.264675,0.1555346806181824
33,VAL,0.35241428571428574,1.0598428571428573,-0.3341285714285714,0.22885772873119245
34,ASN,0.338975,1.2655625000000001,0.061887500000000005,0.28290825312722845
35,ASP,0.8242750000000001,1.2739500000000001,-0.03465,0.2855110516687576
36,ASN,0.8869625,1.5677625000000002,0.31453749999999997,0.27637147414078395
37,GLU,0.8051666666666668,1.3208222222222223,0.8003555555555556,0.35139536647520975
38,GLU,1.282066666666667,1.5061888888888888,0.9858333333333333,0.34652991070374534
39,GLY,1.4642249999999999,1.0566,1.0418749999999999,0.17125077007126124
40,PHE,1.3052000000000001,0.8737363636363636,1.4969545454545454,0.3325126911142882
41,PHE,1.7036454545454545,0.6022636363636363,1.1489727272727273,0.3913648536566436
42,SER,1.2898500000000002,0.24958333333333335,1.3876833333333332,0.21563040073751732
43,ALA,1.41608,-0.07039999999999999,1.48428,0.17277784232939128
44,ARG,1.2852,-0.49088181818181814,1.3793727272727272,0.4555193700919047
45,GLY,0.902925,-0.037825,1.059425,0.18914735492467244
46,HIS,0.7477,-0.31958000000000003,0.8719999999999999,0.3519519205800702
47,ARG,0.4317818181818182,-0.21200909090909092,1.5503909090909092,0.46178101810023114
48,PRO,0.07825714285714287,-0.11777142857142857,1.1630142857142858,0.22548636005627604
49,LEU,0.034237500000000004,0.36542499999999994,1.2560499999999999,0.28967291387226735
50,ASP,-0.47645,0.17746249999999997,1.34845,0.27834810293273066
51,LYS,-0.42387777777777774,0.6894999999999999,1.1037777777777777,0.45361101653397673
52,LYS,-0.9816222222222221,0.3259,1.1815333333333333,0.4492706353938131
53,ARG,-1.2845090909090908,0.8828,1.2703636363636366,0.4569002671614793
54,GLU,-1.4708,0.7805,0.8148111111111112,0.3459546038156372
55,GLU,-1.461688888888889,1.1812555555555557,0.4686999999999999,0.34624415099574657
56,ALA,-1.6854600000000002,1.50718,0.74322,0.17311552905502164
57,PRO,-2.0175999999999994,1.5788,0.6146714285714286,0.19969293059748586
58,SER,-2.070816666666667,2.0300333333333334,0.54815,0.1810011985841223
59,LEU,-2.42445,2.133,0.503575,0.28294599860220665
60,ARG,-2.2834636363636363,2.6280545454545456,0.2611818181818182,0.4765596157411703
61,PRO,-2.807371428571429,2.607371428571429,0.14538571428571428,0.2093599439301816
62,ALA,-3.1377599999999997,2.6400999999999994,-0.08070000000000001,0.17876144327007418
63,PRO,-3.384557142857143,2.8931571428571425,-0.11932857142857142,0.20685433157126779
64,PRO,-3.4494714285714285,3.286057142857143,-0.05042857142857143,0.20530797224995356
65,PRO,-3.8543857142857134,3.338114285714286,0.0689142857142857,0.20656119615044338
66,ILE,-4.1707,3.604375,-0.0086375,0.305979001781577
67,SER,-4.182316666666666,4.05245,0.053366666666666666,0.21624701282458367
68,GLY,-4.205475,4.37565,-0.11435000000000001,0.16390502013361308
69,GLY,-4.345375000000001,4.682325,-0.26175000000000004,0.14945147623894506
70,GLY,-4.552225,4.9480249999999995,-0.404125,0.17305271415091975
71,TYR,-4.981691666666667,5.07355,-0.3733583333333334,0.43840082417679077
72,ARG,-4.662545454545455,5.641690909090909,-0.7110454545454545,0.46503500810189674
73,ALA,-5.1217999999999995,5.60708,-0.9284000000000001,0.17623013476701402
74,ARG,-4.921709090909091,5.935336363636363,-1.3693272727272725,0.46278278466806033
75,PRO,-5.370728571428572,6.092242857142857,-1.3161142857142856,0.21812647379772254
76,ALA,-5.715260000000001,6.136959999999999,-1.5353400000000001,0.17747145911385365
77,LYS,-5.590688888888888,6.438233333333333,-1.9404444444444442,0.45470447898594063
78,ALA,-5.970180000000001,6.65396,-1.85714,0.17627970274538118
79,ALA,-6.2741,6.7102,-2.05302,0.17542946844814855
80,ALA,-6.303399999999999,6.97996,-2.31172,0.17547204905625427
81,THR,-6.521028571428572,7.275314285714286,-2.3123857142857145,0.2261300221969116
82,GLN,-6.911233333333334,7.041955555555556,-2.585011111111111,0.35413242013073964
83,LYS,-6.915911111111111,7.5975222222222225,-2.7714222222222222,0.4541465744791105
84,LYS,-7.426111111111112,7.725922222222222,-2.3449,0.44871640952035574
85,VAL,-7.578542857142857,7.594128571428572,-2.8487142857142858,0.23051442471133973
86,GLU,-7.826077777777779,8.074011111111112,-2.8392222222222223,0.33553512980511097
87,ARG,-8.195918181818183,7.477500000000001,-2.723181818181818,0.4664878140542993
88,LYS,-8.323055555555555,8.023388888888888,-3.253022222222222,0.45258562766660027
89,ALA,-8.7149,7.8977,-3.05164,0.1713177328825009
90,PRO,-8.864614285714287,7.646385714285715,-3.2737714285714286,0.20031939802347967
91,ASP,-9.231675000000001,7.9335,-3.3039625,0.28819393128803095
92,ALA,-9.37616,7.6407,-3.63638,0.17694893048560634
93,GLY,-9.729825000000002,7.580099999999999,-3.8066000000000004,0.18753525168618412
94,GLY,-9.8614,7.8466,-3.9016249999999997,0.15714526917791638
95,CYS,-10.151433333333333,8.024983333333333,-4.080966666666666,0.21341874136698197
96,LEU,-10.135287499999999,8.5085125,-4.16755,0.27956711682975094
97,HIS,-10.69265,8.441,-4.151870000000001,0.32897679462235585
98,ALA,-10.69358,8.74512,-4.41572,0.19373217905139062
99,ASP,-10.9200125,8.880962499999999,-4.0564124999999995,0.27504820799043633
100,PRO,-10.672342857142857,9.1424,-3.9383285714285714,0.27057125245129254
101,ASP,-10.9272,9.0688875,-3.5977,0.29193458626248875
102,LEU,-10.8333625,8.581425000000001,-3.6833,0.2938361950666573
103,GLY,-10.4017,8.6103,-3.736275,0.16087799919504173
104,VAL,-10.103528571428573,8.3544,-3.659957142857142,0.22928014634984148
105,LEU,-10.4291125,8.0448375,-3.71185,0.2893422049451128
106,CYS,-10.143833333333333,7.789783333333333,-3.4446666666666665,0.2696072065678769
107,PRO,-10.1224,7.4247571428571435,-3.4434,0.22596314897318426
108,THR,-10.498385714285714,7.2545142857142855,-3.259214285714285,0.23774158969222842
109,GLY,-10.3882,7.0394000000000005,-2.949225,0.18395908682367337
110,CYS,-10.56555,6.795883333333333,-3.1053666666666664,0.2636357662044776
111,GLN,-10.330522222222221,6.9383333333333335,-3.5020555555555553,0.3471584640129099
112,LEU,-9.958675,6.9374,-3.120475,0.29713105904634
113,GLN,-10.237611111111113,6.465833333333332,-2.8574888888888887,0.3241826306647078
114,GLU,-10.26518888888889,6.270577777777778,-3.3318666666666665,0.28502548727273724
115,ALA,-9.803619999999999,6.43592,-3.37428,0.19790730456453576
116,LEU,-9.64285,6.391175,-3.0002750000000002,0.29725584729320337
117,LEU,-9.951425,5.963887500000001,-3.0346125000000006,0.29498197137706567
118,GLN,-9.834922222222222,6.015055555555556,-3.582811111111111,0.3467173445863893
119,GLN,-9.334866666666667,6.159300000000001,-3.3763,0.3482922160740558
120,GLU,-9.389022222222223,5.770377777777778,-2.8980111111111118,0.28156261983595765
121,ARG,-9.746636363636364,5.439290909090908,-3.224681818181818,0.46410491555749345
122,PRO,-9.206357142857144,5.520357142857144,-3.4435857142857147,0.2671267455034529
123,ILE,-8.929475,5.6905624999999995,-3.1642375,0.3159054343272683
124,ARG,-9.21179090909091,5.261381818181818,-2.7082818181818182,0.43065885657188274
125,ASN,-9.095062500000001,5.023575,-3.1660500000000003,0.2924570601494364
126,SER,-8.66185,5.210133333333334,-3.2527500000000003,0.23378564849974076
127,VAL,-8.559500000000002,5.252071428571429,-2.832385714285714,0.23716427614114102
128,ASP,-8.76505,4.890012499999999,-2.7243874999999997,0.30052132671825466
129,GLU,-8.53051111111111,4.6949555555555555,-3.2456777777777774,0.32392408461334354
130,LEU,-8.1244875,4.981400000000001,-3.050125,0.2743328922700483
131,ASN,-8.2004875,4.859987500000001,-2.588975,0.2886650237515798
132,ASN,-8.3384375,4.416212499999999,-2.7203375000000003,0.3013578694322578
133,ASN,-8.037062500000001,4.4376999999999995,-3.0992125,0.30119918502960824
134,VAL,-7.705257142857143,4.663442857142856,-2.7896428571428573,0.2338998651961461
135,GLU,-7.791655555555555,4.422077777777778,-2.3716000000000004,0.28767221165421003
136,ALA,-7.730199999999999,4.0724800000000005,-2.71774,0.19968710524217512
137,VAL,-7.427485714285714,4.215571428571429,-2.929728571428572,0.23598036627081095
138,SER,-7.2870333333333335,4.334966666666667,-2.5237333333333334,0.20603295043916312
139,GLN,-7.4589888888888884,3.911966666666667,-2.2948000000000004,0.33134609148996996
140,THR,-7.220485714285714,3.7941428571428566,-2.691742857142857,0.2543057094867333
141,SER,-6.881733333333333,4.065083333333333,-2.674,0.20924852382328063
142,SER,-6.8511,4.058216666666666,-2.2929666666666666,0.23387771317982153
143,SER,-6.845616666666667,3.628033333333333,-2.29745,0.2045475508422327
144,SER,-6.6158166666666665,3.6489,-2.6046500000000004,0.23512809156807368
145,PHE,-6.357290909090909,4.057181818181818,-2.5381,0.3800747001392628
146,GLN,-6.446555555555555,3.6756777777777785,-1.958433333333333,0.329694380739736
147,TYR,-6.336833333333335,3.14195,-2.344475,0.4039902402733399
148,MET,-6.016462499999999,3.5030499999999996,-2.5592,0.2848996909549922
149,TYR,-5.843741666666666,3.874916666666666,-2.15465,0.4230541744432849
150,LEU,-5.973537499999999,3.216225,-1.9331249999999998,0.2841440262547328
151,LEU,-5.8240875,3.0643749999999996,-2.34,0.29344115812416294
152,LYS,-5.388433333333334,3.5312666666666668,-2.3127,0.43484528155297836
153,ASP,-5.4010875,3.30545,-1.8115875,0.256581225565122
154,LEU,-5.4820625,2.8367625,-1.9553875,0.2750541364327214
155,TRP,-5.076957142857144,3.0002285714285715,-2.4855642857142857,0.4159433902931635
156,GLN,-4.911433333333333,3.3161777777777774,-2.036766666666667,0.3263467846128724
157,LYS,-5.069466666666666,2.9715555555555553,-1.6693666666666667,0.45208674656503023
158,ARG,-5.015327272727273,2.4187545454545454,-2.1334909090909093,0.402609361971511
159,GLN,-4.588244444444445,2.938944444444444,-2.329055555555555,0.3280109878466703
160,LYS,-4.411133333333334,2.9529888888888887,-1.7362,0.43367388171183696
161,GLN,-4.563366666666667,2.370966666666667,-1.7917555555555553,0.3053296338527302
162,VAL,-4.361314285714285,2.3814142857142855,-2.190785714285714,0.2359403781484128
163,LYS,-3.9671,2.7946444444444443,-2.136411111111111,0.4356195063596071
164,ASP,-4.0106,2.584675,-1.70205,0.3056969138296953
165,ASN,-4.09035,2.1083125000000003,-1.844175,0.2892099510411942
166,GLU,-3.732766666666666,2.292033333333334,-2.298088888888889,0.3270747996527717
167,ASN,-3.474475,2.3903,-1.9178000000000002,0.29819414921322646
168,VAL,-3.6033000000000004,1.9772714285714288,-1.658642857142857,0.2386626934074322
169,VAL,-3.5724428571428573,1.736342857142857,-2.0346714285714285,0.2356317318639928
170,ASN,-3.2354625,1.9609625,-2.163125,0.3013972809059496
171,GLU,-3.1055444444444444,1.989788888888889,-1.6353,0.34999073462162933
172,TYR,-3.3389166666666674,1.4925999999999997,-1.5293916666666665,0.4234941070198678
173,SER,-3.0527,1.4425166666666664,-2.07395,0.23548465507921706
174,SER,-2.6767333333333334,1.6157000000000001,-1.9566000000000001,0.20348310604186393
175,GLU,-2.616244444444445,1.4416777777777776,-1.5384000000000002,0.28065773584805814
176,LEU,-2.8352375,1.0046125000000001,-1.8467250000000002,0.28396109273543085
177,GLU,-2.543111111111111,1.2305888888888887,-2.206855555555556,0.3455856108758642
178,LYS,-2.2506111111111116,1.3685333333333336,-1.7455666666666665,0.43562495861451844
179,HIS,-2.4143499999999998,0.7634900000000001,-1.51836,0.3223732312087962
180,GLN,-2.3800777777777773,0.6037333333333333,-2.049222222222222,0.2899159933668314
181,LEU,-1.911175,0.909125,-2.042,0.2902300746821391
182,TYR,-1.82275,0.6067416666666667,-1.477308333333333,0.3935821146498173
183,ILE,-2.0641875,0.3116875,-1.7672,0.26642857919618906
184,ASP,-1.8215875000000001,0.411875,-2.2346999999999997,0.25239450426118637
185,GLU,-1.4591666666666667,0.6288555555555555,-1.9650888888888889,0.3430870295953247
186,THR,-1.5518285714285713,0.18277142857142856,-1.7013285714285715,0.23838177577241115
187,VAL,-1.6706285714285714,-0.09925714285714285,-2.0139571428571426,0.23523447312615292
188,ASN,-1.516025,0.0441125,-2.3563500000000004,0.296801290059949
189,SER,-1.09465,0.22175,-2.1254833333333334,0.21210941817321025
190,ASN,-1.085375,0.1851875,-1.7418625,0.30261489501923067
191,ILE,-1.2144,-0.3042125,-1.7445874999999997,0.26584889563904507
192,PRO,-0.9930999999999999,-0.3254428571428572,-2.1064571428571432,0.2723761856892269
193,THR,-0.6604142857142856,-0.11884285714285715,-1.9601000000000002,0.2553980266971856
194,ASN,-0.6950875,-0.2601375,-1.5622124999999998,0.29703731536416433
195,LEU,-0.818025,-0.7135875,-1.7614,0.2940253318699768
196,ARG,-0.4118636363636364,-0.4776181818181819,-2.1555181818181817,0.3909267452673061
197,VAL,-0.1793857142857143,-0.5085428571428572,-1.6634285714285715,0.24099323049176521
198,LEU,-0.405575,-0.7967875,-1.4077124999999997,0.2958891024311302
199,ARG,-0.44199090909090905,-1.1526545454545456,-1.9570636363636362,0.41158852336038654
200,SER,0.10343333333333334,-0.9539500000000002,-1.805583333333333,0.20213042131807393
201,ILE,0.1231875,-0.95675,-1.380125,0.31583485919266413
202,LEU,-0.122725,-1.424725,-1.4196125000000002,0.28845288853857926
203,GLU,0.05864444444444444,-1.4517222222222221,-1.8721,0.35083512465452793
204,ASN,0.562225,-1.307225,-1.5716249999999998,0.2649867767927299
205,LEU,0.3868625,-1.4792,-1.1922125,0.29639547746634065
206,ARG,0.15554545454545454,-2.0106727272727274,-1.616009090909091,0.4388687038924038
207,SER,0.6722999999999999,-1.8193166666666667,-1.6518,0.22113909712617008
208,LYS,0.9040555555555555,-1.6163111111111108,-1.3097222222222222,0.4509578969425133
209,ILE,0.605025,-2.0705,-1.10835,0.31567252513483024
210,GLN,0.7192222222222222,-2.3511333333333333,-1.5993000000000002,0.32493019839214776
211,LYS,1.2708000000000002,-2.1739888888888887,-1.4848888888888885,0.3654963265087051
212,LEU,1.1310625,-2.1724499999999995,-1.008275,0.3011549053747094
213,GLU,0.8274222222222222,-2.6078333333333337,-1.109711111111111,0.3498840118216249
214,SER,1.2835833333333333,-2.6819166666666665,-1.3949833333333332,0.20303456397044
215,ASP,1.553625,-2.4727250000000005,-1.206875,0.3045440064670453
216,VAL,1.3929285714285713,-2.7621428571428575,-0.8185571428571429,0.23673140941599102
217,SER,1.3826,-3.0701666666666667,-1.0939666666666668,0.23485119875264765
218,ALA,1.76662,-3.01756,-1.1804199999999998,0.19817891512469235
219,GLN,1.9744111111111111,-2.9291777777777783,-0.7774888888888889,0.2740794606327528
220,MET,1.58435,-3.291475,-0.7051749999999999,0.4065579709586321
221,GLU,1.8899555555555558,-3.5800666666666663,-1.1189,0.2730295807697563
222,TYR,2.2539916666666673,-3.1849250000000002,-1.1149166666666668,0.43921361845790785
223,CYS,2.1460000000000004,-3.4251333333333327,-0.5437833333333333,0.2573222196434306
224,ARG,1.9638545454545453,-3.8873,-0.8398090909090907,0.4612468914540594
225,THR,2.5582428571428575,-3.7459000000000002,-0.7346428571428572,0.2330448012459301
226,PRO,2.742771428571428,-3.737714285714286,-0.37547142857142857,0.21042834303159044
227,CYS,3.0059166666666663,-3.415616666666667,-0.29141666666666666,0.21314350603916324
228,THR,3.3691714285714283,-3.607442857142857,-0.35377142857142857,0.2354745313148727
229,VAL,3.6546142857142856,-3.467542857142857,-0.05885714285714285,0.2379174638227225
230,SER,4.0401,-3.6283166666666666,-0.16423333333333337,0.2306604894404086
231,CYS,4.15885,-3.4845833333333336,0.21496666666666664,0.26348557940721495
232,ASN,4.566125,-3.664925,0.1777875,0.29334655512933844
233,ILE,4.5671375,-3.6274124999999997,0.6933,0.3096900411096559
234,PRO,4.864571428571429,-3.346485714285714,0.723757142857143,0.23149769205884435
235,VAL,5.228128571428571,-3.5901714285714292,0.942542857142857,0.23505935247012294
236,VAL,5.188271428571428,-3.1828857142857143,1.1210857142857142,0.2193709638851925
237,SER,4.9733833333333335,-3.2480500000000005,1.4832333333333334,0.22408176459101298
238,GLY,4.82285,-3.0534,1.7486000000000002,0.1514868393623684
239,LYS,4.735322222222223,-2.885377777777778,2.172911111111111,0.4487126437561863
240,GLU,4.649366666666667,-2.509155555555555,1.818111111111111,0.2390842201421657
241,CYS,4.68905,-2.4197166666666665,1.4270666666666667,0.2654036056441
242,GLU,5.044133333333334,-2.133877777777778,1.698277777777778,0.28647516838072656
243,GLU,5.1236444444444444,-2.6931,1.869588888888889,0.3121277692243801
244,ILE,5.05465,-2.7159,1.3623500000000002,0.313961470566055
245,ILE,5.296124999999999,-2.2678,1.259875,0.3011674056899248
246,ARG,5.5429818181818185,-2.333427272727273,1.8014727272727271,0.38570380887647243
247,LYS,5.507555555555555,-2.878888888888889,1.539866666666667,0.44595943374169106
248,GLY,5.6173,-2.6551750000000003,1.036675,0.18649362254511545
249,GLY,5.31845,-2.567825,0.939225,0.16956084085071027
250,GLU,5.5181555555555555,-2.323011111111111,0.6567555555555555,0.34446373727331
251,THR,5.082400000000001,-2.488371428571429,0.43658571428571424,0.2356642639564219
252,SER,4.71035,-2.278966666666667,0.43865,0.2319542112381477
253,GLU,4.657188888888889,-2.7419000000000002,0.4599,0.32304760762173085
254,MET,4.307112500000001,-3.0390749999999995,0.6360625000000001,0.2897662457697587
255,TYR,4.675325,-2.8883916666666667,0.8995083333333332,0.4543926082481485
256,LEU,4.4307375,-3.3736375,1.2622999999999998,0.27997908013367717
257,ILE,4.340075000000001,-3.0452,1.5893375,0.2857210257073324
258,GLN,4.438188888888889,-3.4226666666666667,2.009633333333333,0.329550117771875
259,PRO,4.274642857142857,-3.0206000000000004,2.1843285714285714,0.27336850288090414
260,ASP,4.1835,-3.32055,2.5331,0.2767587622822445
261,SER,4.3858999999999995,-3.660883333333333,2.54075,0.22003832115742392
262,SER,4.016066666666666,-3.7097333333333338,2.62985,0.22953240451453039
263,VAL,3.889842857142857,-3.5667142857142857,2.2596714285714286,0.23994460670270262
264,LYS,3.7982000000000005,-3.906011111111111,1.9022555555555556,0.4546723813043716
265,PRO,4.139442857142858,-3.6463714285714284,1.6814428571428572,0.22875179044688004
266,TYR,3.9039333333333333,-3.1597916666666666,1.6085083333333337,0.390532339143209
267,ARG,3.9076363636363634,-3.3895,0.9857818181818182,0.4430021206784684
268,VAL,4.0861,-2.798485714285714,1.138,0.23678132208811564
269,TYR,4.175124999999999,-2.4127666666666667,0.6601833333333335,0.4107241191041615
270,CYS,4.490583333333333,-2.4015833333333334,0.9337333333333334,0.26990777745988204
271,ASP,4.53285,-1.904425,0.8276,0.2666352998479383
272,MET,4.9323125,-2.1107750000000003,0.8690625000000001,0.38555205185227553
273,ASN,4.935575,-1.7222875,0.5446875000000001,0.30275151682113816
274,THR,4.664914285714285,-1.4219857142857142,0.8246571428571426,0.22750071764856608
275,GLU,4.7672,-1.1119666666666668,1.148911111111111,0.3451760003745454
276,ASN,5.228675,-1.3944125,1.1815875,0.28758116843336573
277,GLY,4.944375,-1.7344,1.174575,0.1564850991308755
278,GLY,4.782825,-1.9989,1.364725,0.18663637440220512
279,TRP,4.476121428571429,-1.6864928571428572,1.3277999999999999,0.46251249768001323
280,THR,4.195285714285714,-2.2236285714285713,1.4347714285714286,0.22054319073503884
281,VAL,3.9076714285714282,-2.1667857142857145,1.0987285714285713,0.23343714750813468
282,ILE,3.573625,-2.124,1.426725,0.2881106840261221
283,GLN,3.2738999999999994,-1.9156333333333333,1.0467111111111111,0.28268925442595344
284,ASN,3.4066875,-1.9880375,0.6283,0.24664361245023175
285,ARG,2.9312454545454547,-1.808409090909091,0.5324727272727272,0.41505859737656076
286,GLN,3.3316333333333334,-1.895211111111111,0.04550000000000001,0.3184390855949814
287,ASP,2.9923624999999996,-2.0240875,-0.149025,0.2663963254016469
288,GLY,2.638675,-2.083875,-0.012825,0.18551341427239149
289,SER,2.7651499999999998,-2.418533333333333,-0.0011333333333333358,0.2160669527150222
290,VAL,2.651757142857143,-2.4672857142857145,0.36692857142857144,0.233381569844016
291,ASP,2.1945625,-2.45815,0.5462874999999999,0.26435889253531825
292,PHE,2.520818181818182,-2.183190909090909,0.8287545454545454,0.3707654646161995
293,GLY,1.960775,-2.350475,0.927875,0.17702675468696807
294,ARG,2.205718181818182,-2.6702636363636363,1.0083,0.47420372282785955
295,LYS,1.7946444444444447,-2.831877777777778,1.4625666666666668,0.45831538900899776
296,TRP,2.167207142857143,-2.637985714285714,2.072721428571429,0.3980129906350872
297,ASP,2.2489125,-3.129375,1.8217374999999998,0.27581932435473044
298,PRO,2.3736285714285716,-2.939942857142857,1.4422142857142857,0.2733518271908408
299,TYR,2.4964166666666663,-2.433325,1.4904416666666667,0.41788202997044754
300,LYS,2.669211111111111,-2.966622222222222,2.0315555555555553,0.4347207319818261
301,GLN,2.8444222222222217,-3.2082,1.721722222222222,0.3245668821485863
302,GLY,2.90115,-2.9493,1.34775,0.15543727030541926
303,PHE,2.743527272727273,-2.6984,1.0255272727272726,0.2918071867087515
304,GLY,3.0235,-2.8851500000000003,0.68025,0.15433656404105905
305,ASN,3.2388500000000002,-2.86965,0.37821249999999995,0.28440376255642236
306,VAL,3.6665142857142854,-2.8063714285714285,0.6759428571428572,0.23874719145692894
307,ALA,3.8016599999999996,-2.8549800000000003,0.30804,0.1759879870900278
308,THR,3.799328571428571,-2.803057142857143,-0.07220000000000001,0.23792842218119412
309,ASN,4.013025,-3.0809374999999997,-0.332125,0.2960280268086959
310,THR,4.355371428571429,-2.771857142857143,-0.4695285714285714,0.22948752355931618
311,ASP,4.283875,-2.7735375,-0.9013875000000001,0.2923632025195713
312,GLY,4.6609750000000005,-3.0782249999999998,-0.8513,0.18752993427717118
313,LYS,4.777522222222221,-3.005066666666667,-0.5269888888888888,0.42345131630914973
314,ASN,4.763925,-3.4709749999999997,-0.2636625,0.2556714789651949
315,TYR,4.711608333333333,-3.021383333333333,-0.07174166666666666,0.3894800556511205
316,CYS,4.256066666666666,-2.9994666666666667,0.11375,0.2640053561114915
317,GLY,4.375075,-2.5824,0.04365,0.1865773783849478
318,LEU,4.075575,-2.4464499999999996,-0.08254999999999998,0.2922644617893183
319,PRO,3.859314285714286,-2.2826285714285715,0.2476,0.2051379386597004
320,GLY,3.49545,-2.401325,0.3412,0.15324563003557412
321,GLU,3.0573777777777784,-2.257477777777778,0.35802222222222224,0.34149386416048444
322,TYR,3.3980333333333337,-2.4617083333333336,0.8694833333333333,0.39225968412732204
323,TRP,2.9897428571428577,-2.3166785714285716,1.3711142857142857,0.39310104071890417
324,LEU,3.429325,-2.6455374999999997,1.4375875,0.2834539948342587
325,GLY,3.1491499999999997,-2.649075,1.7036,0.1591431058041788
326,ASN,2.9329500000000004,-2.480275,1.9843125000000001,0.30033722010641595
327,ASP,3.1167874999999996,-2.8709124999999998,2.2343125,0.2970619471907334
328,LYS,3.4761555555555557,-2.881222222222222,1.8584999999999998,0.4378188923163727
329,ILE,3.4507125000000003,-2.33515,1.9722375,0.31571925275868135
330,SER,3.44535,-2.4358,2.4454166666666666,0.20328916870091968
331,GLN,3.7974333333333337,-2.8007444444444443,2.398211111111111,0.32529452447639057
332,LEU,3.9821999999999997,-2.4619250000000004,2.1289625,0.29900918385770364
333,THR,3.8241714285714288,-2.0986714285714285,2.412742857142857,0.24109437816687773
334,ARG,3.744163636363636,-2.4405727272727273,2.8146,0.3859788704446811
335,MET,4.3457,-2.4483875,2.577475,0.32675122537069395
336,GLY,4.331975,-2.0134749999999997,2.714725,0.15156773032212406
337,PRO,4.455857142857142,-1.7045857142857144,2.681028571428571,0.22535754131728397
338,THR,4.172657142857143,-1.7081571428571427,2.3023571428571428,0.22663694332926537
339,GLU,4.36431111111111,-1.3929666666666667,1.9514555555555557,0.31889276826908625
340,LEU,3.8294250000000005,-1.3619624999999997,1.7575125000000003,0.2779778537716632
341,LEU,4.04675,-1.2430625,1.3329124999999997,0.2846685380622513
342,ILE,3.599,-1.1400375,1.266075,0.3086890944482003
343,GLU,3.880655555555556,-1.1637444444444442,0.8140111111111111,0.3294757092153585
344,MET,3.4287874999999994,-0.8820124999999999,0.69745,0.3288896932293558
345,GLU,3.5338111111111115,-0.9836444444444444,0.10748888888888891,0.3310193297477755
346,ASP,3.2484375,-0.6256499999999999,-0.023012499999999995,0.27367582385461087
347,TRP,2.90725,-0.9846999999999999,-0.31815714285714286,0.41656571430776046
348,LYS,3.2223555555555556,-0.35633333333333334,-0.4348111111111111,0.44981535457327015
349,GLY,3.658225,-0.6198000000000001,-0.21794999999999998,0.18667759138418305
350,ASP,3.6050625,-0.34975,0.009187499999999998,0.29267030352001894
351,LYS,3.905688888888889,-0.7062666666666667,0.25944444444444437,0.45175252552806777
352,VAL,3.679642857142857,-0.5214428571428572,0.7216857142857144,0.23928081743390286
353,LYS,4.056188888888888,-0.6097888888888889,1.0713555555555554,0.43339268311518353
354,ALA,3.72808,-0.7813399999999999,1.3953200000000001,0.17232279709893286
355,HIS,4.15052,-0.85922,1.6968,0.3111707068475439
356,TYR,3.695716666666667,-0.900875,1.9300499999999996,0.4291969517631474
357,GLY,4.187375,-1.04255,2.2811,0.18762759158769837
358,GLY,3.9173249999999995,-1.185575,2.397925,0.15581884313201672
359,PHE,3.6503272727272726,-1.5983454545454543,2.190809090909091,0.34680319960490325
360,THR,3.538557142857143,-1.7022285714285714,2.591571428571428,0.23727258112791283
361,VAL,3.274228571428572,-2.030642857142857,2.4313714285714285,0.2296784380344817
362,GLN,3.1427111111111112,-2.1074555555555556,2.8582444444444444,0.3425007391178831
363,ASN,2.9475750000000005,-2.5305125,2.8970124999999998,0.27225258205846287
364,GLU,2.5378888888888884,-2.774277777777778,2.6385666666666663,0.32320873296018493
365,ALA,2.53076,-2.5723999999999996,3.0677,0.19819190094451347
366,ASN,2.6797125,-2.2230875,3.0776875000000006,0.2849921805396603
367,LYS,2.281922222222222,-2.1736222222222223,2.7569999999999997,0.44038802321095705
368,TYR,2.7384749999999998,-2.3663833333333333,2.382766666666667,0.4230398783572957
369,GLN,2.7913111111111117,-1.7265777777777778,2.792233333333334,0.3389248762312896
370,ILE,3.00255,-1.4883625,2.3907999999999996,0.3082633191060039
371,SER,3.319733333333333,-1.3373166666666665,2.6270333333333333,0.21444365032956025
372,VAL,3.417214285714285,-1.0494428571428571,2.3762714285714286,0.23859598248324057
373,ASN,3.7904625,-0.8714875000000001,2.5644625,0.2655482027217469
374,LYS,4.1296,-0.7007888888888889,2.487677777777778,0.4428913957112529
375,TYR,3.7495249999999998,-0.36675833333333335,1.8676333333333333,0.40000578554843697
376,ARG,4.303081818181817,-0.5197818181818182,1.7592636363636365,0.4312014728236559
377,GLY,3.945375,-0.22945000000000002,1.408675,0.15599488373020456
378,THR,3.8282999999999996,-0.16221428571428573,1.0361142857142855,0.23953908504731766
379,ALA,3.44184,-0.33146,1.1296599999999999,0.19523139296742206
380,GLY,3.3379250000000003,-0.251525,1.4161,0.15721989775470505
381,ASN,3.2761124999999995,-0.319675,1.8678500000000002,0.261034678311618
382,ALA,2.93028,-0.52996,1.70578,0.19614195981482394
383,LEU,3.0393625,-0.8445125,1.9239125000000001,0.2948303481983327
384,MET,3.1696,-0.5138,2.3049625,0.3387084091165289
385,ASP,2.98735,-0.1369375,2.1403125000000003,0.2958524616468487
386,GLY,2.667425,-0.25282499999999997,1.8774499999999998,0.1552987725321742
387,ALA,2.44426,-0.07927999999999999,1.65436,0.17605520611444575
388,SER,2.6405,0.23276666666666668,1.5022,0.22106250498696306
389,GLN,2.2719444444444443,0.21403333333333333,1.254622222222222,0.32555330033348556
390,LEU,2.0852125,0.1794875,1.651575,0.3073367020671305
391,MET,2.0875249999999994,0.5819124999999999,1.9514375,0.3603347848702651
392,GLY,2.01135,0.336625,2.3109,0.15999985351555804
393,GLU,1.6458777777777778,0.017322222222222225,2.4576444444444445,0.3174433381927599
394,ASN,1.721425,0.040275,2.00065,0.2972614400658114
395,ARG,2.3824363636363635,0.13954545454545453,2.018018181818182,0.41955249329267397
396,THR,2.1862428571428576,-0.18564285714285714,2.4302428571428574,0.24897517046927412
397,MET,1.843225,-0.42700000000000005,2.2092,0.34855573532076617
398,THR,2.222014285714286,-0.5189285714285713,1.9412857142857143,0.2332872259595845
399,ILE,2.5210874999999997,-0.5878375,2.286425,0.3124035446141738
400,HIS,2.6202300000000003,-0.99893,2.0117699999999994,0.3656685804112793
401,ASN,2.95525,-0.936075,2.54075,0.26644345671267655
402,GLY,2.7022250000000003,-1.244175,2.7146250000000003,0.18689316968525094
403,MET,2.424925,-1.3075499999999998,2.4958249999999995,0.3054758316954062
404,PHE,2.301172727272727,-1.7189454545454546,2.6887727272727275,0.40652222114048314
405,PHE,2.4322999999999997,-2.021309090909091,2.035381818181818,0.35255511426589914
406,SER,2.023,-1.9312500000000001,1.9956500000000001,0.23559217941179628
407,THR,1.8858857142857144,-2.2511428571428573,1.7697857142857143,0.23883291999527456
408,TYR,1.5398250000000002,-2.401966666666666,1.4089833333333333,0.3985075327776829
409,ASP,1.5586375,-2.5810875,1.812325,0.2431381905162165
410,ARG,1.733181818181818,-2.487672727272727,2.2617090909090907,0.40031168909957215
411,ASP,1.4702125,-1.9345749999999997,2.2989624999999996,0.2659907934262009
412,ASN,1.8653499999999998,-1.917,2.486625,0.28134294575304347
413,ASP,1.6596625,-1.4787625,2.2674625,0.2703666292624701
414,GLY,1.6504750000000001,-1.13675,2.466475,0.18651366907012476
415,TRP,1.2091642857142857,-1.075742857142857,2.083592857142857,0.41825632300623267
416,LEU,1.1803,-1.1678749999999998,2.70755,0.2875852623570965
417,THR,0.8186142857142856,-1.3420428571428573,2.3709571428571428,0.2160315410644793
418,SER,0.4775500000000001,-1.5529666666666666,2.429733333333333,0.21344492979585053
419,ASP,0.49511250000000007,-1.5273500000000002,1.96655,0.2734718818384262
420,PRO,0.6364571428571429,-1.888342857142857,1.9187857142857143,0.26343221875380185
421,ARG,0.5044363636363637,-1.5863272727272728,1.535236363636364,0.41516868283459385
422,LYS,0.7857222222222222,-1.2595888888888889,1.8295555555555556,0.4411155345426126
423,GLN,1.2054888888888888,-1.7052666666666665,1.8585888888888884,0.34955794976929644
424,CYS,1.5995333333333333,-1.4048333333333334,1.6777,0.2618830124735515
425,SER,1.6938666666666669,-1.8029666666666666,1.5182333333333335,0.2042415808138325
426,LYS,1.2395444444444443,-1.8879444444444442,1.4538222222222221,0.44665959198377364
427,GLU,1.273577777777778,-1.3466111111111112,1.2738333333333332,0.3562410568944626
428,ASP,1.7582749999999998,-1.3408875,1.1949125,0.29121508535359253
429,GLY,1.8522249999999998,-1.7865,1.0027,0.18830286940192917
430,GLY,2.03765,-1.8909500000000001,1.264575,0.15487755042290685
431,GLY,2.3059000000000003,-1.961125,1.4804,0.15825272706970978
432,TRP,2.5697,-1.5505071428571429,1.6391500000000003,0.4251624543054341
433,TRP,2.7193,-1.619842857142857,2.012,0.44665494557674307
434,TYR,2.0816916666666665,-1.44095,1.7711583333333334,0.44103988780935544
435,ASN,2.0134250000000002,-0.9901125,2.2653250000000003,0.2906596186370749
436,ARG,1.5064090909090908,-0.7039454545454547,2.1616545454545455,0.44790045427767633
437,CYS,1.8525500000000001,-1.0094833333333333,1.7808833333333336,0.2739565106403247
438,HIS,2.1348399999999996,-0.8860500000000002,1.45185,0.2644706044156891
439,ALA,2.48076,-0.62452,1.5136600000000002,0.19698945047895336
440,ALA,2.60022,-0.93932,1.39108,0.17226304653058963
441,ASN,2.3818374999999996,-1.2617875,1.1234125,0.2569559674705956
442,PRO,2.776471428571429,-1.4211000000000003,1.0922428571428573,0.27240343205605616
443,ASN,2.57405,-1.7851249999999999,1.11635,0.28251916859746007
444,GLY,2.3121,-1.625,0.7842,0.1570908972537874
445,ARG,1.9355363636363636,-1.7060545454545455,0.42299090909090914,0.41004919862042916
446,TYR,2.5778583333333334,-1.61065,0.05894166666666666,0.4077490232633579
447,TYR,2.047333333333334,-1.2797666666666665,0.09507499999999998,0.43616146228266783
448,TRP,2.5280714285714287,-1.4442714285714284,-0.548092857142857,0.4310999356771192
449,GLY,2.5277749999999997,-0.927475,-0.413825,0.18779818123453698
450,GLY,2.429525,-0.8267,-0.10115,0.18132453812156812
451,GLN,2.221033333333333,-0.49042222222222226,-0.2651,0.350781553493916
452,TYR,1.9318583333333335,-0.80375,0.23415,0.3870978602405053
453,THR,1.5204428571428572,-0.6094857142857143,0.05305714285714285,0.24088826014887277
454,TRP,1.044735714285714,-0.5290214285714285,0.3057714285714286,0.3442854625073177
455,ASP,1.0848,-0.7692499999999999,-0.015362500000000005,0.2612686240371202
456,MET,1.4316375,-1.046525,-0.06246249999999999,0.3410899272002913
457,ALA,1.30112,-1.16792,0.38052,0.17580403067051678
458,LYS,1.1624666666666665,-1.6753777777777779,0.5350222222222222,0.43427035855672635
459,HIS,1.04928,-1.44774,0.86941,0.3567405052695866
460,GLY,1.139125,-0.917,0.7257,0.18711994983165206
461,THR,1.4154428571428572,-0.9727,0.9163857142857142,0.24130972814613005
462,ASP,1.8226250000000002,-0.8141624999999999,0.9468624999999999,0.257960701343247
463,ASP,1.78495,-1.2998,0.6972499999999999,0.25725435856365975
464,GLY,2.1926750000000004,-1.200525,0.67185,0.15776285605300144
465,VAL,2.5960571428571426,-1.2376714285714285,0.6073571428571428,0.22651592546617103
466,VAL,2.4911285714285714,-0.8703285714285715,0.8658428571428571,0.23479349415594797
467,TRP,2.9831785714285712,-0.6660214285714285,1.1565642857142857,0.39617931282206437
468,MET,2.4516,-0.3337875,1.153,0.3568754091503784
469,ASN,2.8797875,-0.1383375,1.2779500000000001,0.28674407851340195
470,TRP,3.168564285714286,-0.2810357142857143,0.6221499999999999,0.42166920944488906
471,LYS,2.827,-0.2252333333333333,0.43941111111111114,0.4240608147045674
472,GLY,2.421475,-0.260575,0.7482,0.15522120103259085
473,SER,2.087883333333333,-0.4371333333333333,0.7942,0.23039143804018028
474,TRP,1.8132571428571431,-0.43524999999999997,0.4945928571428571,0.4438524820436698
475,TYR,2.5954166666666665,-0.5613083333333334,0.19206666666666672,0.40703172045718183
476,SER,2.527483333333334,-0.98785,0.25084999999999996,0.21688085502823384
477,MET,2.8926374999999998,-0.9632500000000002,0.38138750000000005,0.36914329746387126
478,ARG,3.2333181818181815,-1.178309090909091,-0.17294545454545454,0.40478014540698826
479,LYS,3.453622222222222,-1.3693444444444445,0.15134444444444448,0.44973986184608244
480,MET,3.2205749999999997,-1.3717750000000002,0.72965,0.3450079836032782
481,SER,3.5979500000000004,-1.5295000000000003,0.8711166666666667,0.1868619261498836
482,MET,3.4897374999999995,-1.66585,1.2944499999999999,0.3452404074065636
483,LYS,4.039844444444444,-1.6588555555555553,1.2056444444444447,0.4183068973497456
484,ILE,4.069487499999999,-1.9098875,1.7137125,0.28641005650771034
485,ARG,4.643972727272726,-1.6590909090909087,1.723527272727273,0.39858746243028254
486,PRO,4.672428571428573,-1.8724285714285716,2.101771428571429,0.23016722093260075
487,PHE,4.668900000000001,-1.2964090909090908,2.3627818181818188,0.34482580510711325
488,PHE,5.090754545454545,-1.5782363636363639,2.3632909090909093,0.38843407281753733
489,PRO,5.032514285714286,-1.1473,2.6832571428571432,0.21823111415119803
490,GLN,5.307333333333333,-0.7782777777777777,2.403288888888889,0.35298282859644997
491,GLN,5.58004,-0.9737300000000001,2.92386,0.38097161587183875
